Date,MINT,EMB,IAU,VCIT,MUB,SCHA,VEA,VYM,SCHH,VWO,FENY,VTIP,VGLT,ITE
2015-06-18,101.23,109.93,11.62,85.36,108.26,59.16,41.07,69.93,38.39,41.85,22.22,48.72,73.04,60.13
2015-06-19,101.27,110.21,11.6,85.8,108.45,59.17,40.98,69.54,38.05,41.47,21.9,48.75,73.85,60.11
2015-06-22,101.23,110.37,11.45,85.16,108.12,59.32,41.69,69.94,37.45,42.01,22.09,48.66,72.59,59.97
2015-06-23,101.22,110.33,11.39,84.97,108.09,59.43,41.84,69.89,37.15,42.39,22.19,48.67,72.22,59.89
2015-06-24,101.22,110.43,11.35,85.1,108.38,58.89,41.5,69.37,36.98,42.17,22.06,48.7,72.77,59.94
2015-06-25,101.21,110.28,11.33,84.87,108.26,58.76,41.49,69.1,36.6,42.02,21.83,48.66,72.44,59.97
2015-06-26,101.23,109.93,11.35,84.73,108.13,58.64,40.94,68.66,36.84,41.25,21.86,48.6,71.78,59.8
2015-06-29,101.24,109.64,11.39,85.32,108.59,57.23,39.71,67.34,36.27,40.34,21.46,48.68,73.42,60.15
2015-06-30,101.15,109.92,11.34,85.3,108.21,57.48,39.65,67.32,36.32,40.88,21.57,48.68,73.06,60.05
2015-07-01,101.17,109.9,11.3,84.81,107.99,57.67,39.91,67.77,36.88,40.88,21.26,48.64,71.99,59.89
2015-07-02,101.19,109.97,11.27,85.03,108.15,57.35,40.01,67.79,37.04,41.07,21.33,48.72,72.17,59.93
2015-07-06,101.16,109.51,11.3,85.11,108.32,57.21,39.19,67.57,37.2,39.93,21.02,48.74,73.41,60.12
2015-07-07,101.2,109.43,11.18,85.59,108.3,57.37,39.18,68.08,37.8,39.32,21.23,48.74,74.06,60.22
2015-07-08,101.22,109.22,11.21,85.59,108.7,56.5,38.23,67.13,37.7,37.87,20.79,48.76,74.63,60.24
2015-07-09,101.19,109.47,11.23,85.18,108.53,56.72,38.85,67.17,37.56,38.64,20.87,48.7,73.28,60.13
2015-07-10,101.12,109.88,11.24,84.66,108.41,57.45,40.03,67.88,37.82,39.73,20.96,48.7,72.29,59.95
2015-07-13,101.15,109.71,11.2,84.52,108.36,58.02,40.2,68.51,37.86,39.98,21.1,48.59,71.95,59.87
2015-07-14,101.14,109.35,11.17,84.62,108.46,58.3,40.48,68.73,37.95,40.08,21.31,48.64,72.21,59.96
2015-07-15,101.14,109.35,11.1,84.83,108.4,57.97,40.32,68.6,38.02,39.59,20.92,48.61,72.93,60.06
2015-07-16,101.15,109.64,11.06,84.84,108.49,58.33,40.66,69.11,38.33,40.06,20.89,48.6,73.38,60.04
2015-07-17,101.12,109.68,10.95,84.87,108.68,57.99,40.6,68.78,38.16,40.05,20.65,48.64,73.69,60.05
2015-07-20,101.13,109.53,10.65,84.68,108.7,57.75,40.69,68.73,38.24,39.8,20.36,48.58,73.44,60.0
2015-07-21,101.17,109.6,10.62,84.84,108.79,57.48,40.58,68.34,38.14,39.81,20.39,48.56,73.78,60.02
2015-07-22,101.11,109.67,10.56,84.8,108.87,57.59,40.24,68.14,38.28,39.28,20.22,48.61,74.23,60.0
2015-07-23,101.15,109.38,10.52,85.09,109.0,57.08,40.11,67.78,37.83,38.95,20.17,48.59,75.06,60.11
2015-07-24,101.16,108.98,10.62,85.06,109.09,56.35,39.68,67.11,38.01,38.39,19.77,48.57,75.24,60.27
2015-07-27,101.2,108.55,10.58,85.04,109.17,55.81,39.43,66.86,38.09,37.53,19.47,48.54,75.63,60.25
2015-07-28,101.19,108.74,10.58,85.07,109.07,56.33,39.92,67.61,38.15,37.89,20.04,48.51,75.11,60.18
2015-07-29,101.18,109.3,10.6,84.95,108.96,56.72,40.06,68.15,38.36,38.24,20.37,48.56,74.82,60.1
2015-07-30,101.16,109.65,10.51,84.86,108.97,56.86,40.04,68.18,38.19,38.0,20.25,48.56,75.36,60.12
2015-07-31,101.1,109.66,10.58,85.24,109.19,57.12,40.23,68.03,38.49,38.32,19.71,48.6,75.83,60.31
2015-08-03,101.07,108.76,10.49,85.13,109.1,56.79,40.11,67.83,38.68,37.69,19.33,48.51,76.37,60.28
2015-08-04,101.09,108.92,10.52,84.77,108.87,56.72,40.15,67.7,38.46,37.81,19.23,48.41,75.81,60.12
2015-08-05,101.08,108.81,10.48,84.64,108.82,56.94,40.36,67.99,38.25,37.85,19.08,48.38,75.23,60.04
2015-08-06,101.09,108.42,10.52,84.65,108.87,56.24,40.18,67.67,38.34,37.58,19.43,48.41,75.86,60.18
2015-08-07,101.1,108.47,10.56,84.95,108.89,55.94,40.14,67.42,38.52,37.54,19.06,48.35,76.74,60.15
2015-08-10,101.09,108.49,10.66,84.58,108.61,56.63,40.63,68.28,38.39,38.18,19.7,48.4,75.94,60.07
2015-08-11,101.12,108.52,10.72,85.02,109.09,56.17,39.99,67.7,38.68,37.36,19.68,48.43,76.99,60.31
2015-08-12,101.11,108.58,10.86,84.96,108.81,56.06,39.73,67.82,38.79,36.78,20.06,48.44,76.72,60.31
2015-08-13,101.1,108.49,10.77,84.74,108.92,55.95,39.72,67.7,38.88,36.71,19.76,48.35,76.41,60.19
2015-08-14,101.11,108.55,10.78,84.58,108.93,56.29,39.79,68.0,39.07,36.82,19.68,48.36,76.56,60.16
2015-08-17,101.13,108.62,10.79,84.75,108.94,56.78,39.71,68.24,39.44,36.43,19.71,48.3,76.82,60.19
2015-08-18,101.13,108.23,10.8,84.52,108.78,56.43,39.4,68.02,39.54,36.01,19.65,48.3,76.29,60.15
2015-08-19,101.15,107.94,10.94,84.98,109.03,55.86,39.08,67.45,39.28,35.52,19.11,48.28,77.02,60.29
2015-08-20,101.09,107.55,11.14,84.82,109.0,54.4,38.12,66.35,39.03,34.95,18.65,48.33,77.78,60.32
2015-08-21,101.09,107.09,11.2,85.02,109.24,53.49,37.16,64.51,38.28,33.86,18.02,48.3,78.03,60.47
2015-08-24,101.16,105.57,11.14,84.78,108.91,51.42,35.91,61.44,36.47,32.17,17.1,48.24,78.14,60.43
2015-08-25,101.12,106.36,11.02,84.37,108.73,51.0,36.26,60.85,35.45,32.63,16.86,48.26,76.78,60.42
2015-08-26,101.14,106.34,10.87,84.23,108.63,52.3,37.21,63.06,36.41,33.76,17.39,48.22,75.53,60.3
2015-08-27,101.05,107.88,10.85,84.22,108.9,53.4,37.7,64.52,37.15,35.12,18.33,48.28,75.54,60.33
2015-08-28,101.04,107.95,10.95,84.26,108.92,53.79,37.6,64.55,37.06,34.61,18.71,48.34,75.64,60.22
2015-08-31,101.06,108.01,10.98,84.22,108.84,53.54,37.32,64.18,36.22,34.54,19.0,48.41,75.2,60.23
2015-09-01,101.06,107.63,11.01,84.39,108.95,52.06,36.09,62.25,35.5,33.19,18.23,48.39,75.36,60.3
2015-09-02,101.01,107.16,10.95,84.53,108.79,52.89,36.66,63.22,35.88,33.69,18.41,48.34,74.97,60.23
2015-09-03,101.01,107.72,10.88,84.85,108.88,52.96,36.71,63.43,35.99,33.84,18.48,48.34,75.17,60.25
2015-09-04,101.0,107.64,10.83,85.04,109.0,52.51,35.87,62.42,35.26,32.78,18.17,48.33,75.96,60.3
2015-09-08,101.02,107.6,10.84,84.78,108.7,53.68,36.93,63.95,35.79,33.88,18.41,48.31,75.01,60.2
2015-09-09,101.01,107.96,10.7,84.76,108.72,53.17,36.79,63.05,35.35,33.69,18.04,48.31,75.25,60.22
2015-09-10,100.99,107.8,10.72,84.71,108.6,53.31,37.03,63.27,35.41,33.94,18.12,48.35,74.72,60.2
2015-09-11,101.02,107.82,10.71,84.94,108.64,53.54,37.02,63.4,36.14,34.07,17.93,48.35,75.13,60.28
2015-09-14,101.01,107.89,10.72,84.85,108.6,53.34,36.75,63.21,36.15,34.07,17.81,48.35,75.26,60.3
2015-09-15,100.96,107.76,10.67,84.32,108.18,53.92,37.02,64.07,36.5,34.42,18.02,48.26,73.91,60.09
2015-09-16,100.96,108.2,10.81,84.23,108.19,54.38,37.55,64.7,36.93,35.22,18.55,48.28,73.68,60.07
2015-09-17,100.99,108.83,10.94,84.88,108.7,54.46,37.57,64.54,37.31,35.22,18.53,48.45,74.53,60.35
2015-09-18,101.0,109.11,11.01,85.13,108.95,53.67,36.66,63.56,37.26,34.38,17.88,48.42,75.55,60.44
2015-09-21,100.98,108.5,10.94,84.76,108.83,53.43,36.67,63.83,37.36,34.44,17.96,48.38,74.5,60.33
2015-09-22,101.02,107.63,10.88,85.09,109.13,52.62,35.81,63.12,36.88,33.77,17.79,48.43,75.5,60.42
2015-09-23,100.98,107.41,10.91,84.96,109.11,52.42,35.64,62.39,37.15,33.26,17.53,48.41,75.35,60.4
2015-09-24,100.98,107.05,11.13,85.02,109.15,52.26,35.51,62.36,36.81,33.19,17.62,48.37,75.94,60.46
2015-09-25,100.95,106.8,11.08,84.79,109.1,51.78,35.66,62.59,37.03,32.69,17.61,48.29,75.33,60.4
2015-09-28,100.93,105.88,10.94,85.01,109.39,50.29,35.0,61.38,36.44,31.96,16.99,48.23,76.34,60.5
2015-09-29,100.9,105.64,10.9,85.27,109.58,50.03,34.93,61.61,36.93,32.22,17.0,48.34,76.72,60.62
2015-09-30,100.75,106.4,10.78,85.43,109.55,50.79,35.64,62.65,37.19,33.09,17.38,48.38,76.44,60.63
2015-10-01,100.74,105.63,10.76,85.13,109.3,50.66,35.74,62.59,37.41,33.2,17.41,48.45,76.52,60.52
2015-10-02,100.76,106.83,11.0,85.35,109.66,51.47,36.33,63.46,37.72,34.07,18.11,48.55,77.05,60.75
2015-10-05,100.76,107.36,10.96,85.07,109.49,52.72,37.06,64.84,38.36,34.75,18.69,48.51,76.11,60.63
2015-10-06,100.81,107.7,11.08,85.26,109.56,52.52,37.1,64.86,38.28,34.66,19.15,48.62,76.35,60.61
2015-10-07,100.78,108.04,11.06,85.6,109.42,53.3,37.54,65.47,38.72,35.52,19.41,48.6,76.18,60.59
2015-10-08,100.76,108.09,11.01,85.2,109.31,53.87,37.85,66.16,39.05,35.98,19.78,48.62,75.63,60.52
2015-10-09,100.79,108.54,11.18,85.26,109.32,53.96,37.93,66.03,38.99,36.02,19.65,48.58,75.78,60.53
2015-10-12,100.82,108.68,11.23,85.42,109.52,53.81,37.86,65.95,39.25,35.82,19.38,48.63,76.32,60.6
2015-10-13,100.8,107.92,11.28,85.64,109.45,53.15,37.41,65.58,38.92,35.18,19.21,48.58,76.46,60.65
2015-10-14,100.88,108.41,11.48,86.03,109.6,52.77,37.47,65.36,38.59,35.45,19.37,48.58,77.05,60.81
2015-10-15,100.83,108.95,11.43,85.77,109.43,53.68,38.16,66.24,39.14,36.26,19.69,48.56,76.63,60.67
2015-10-16,100.8,109.54,11.35,85.76,109.46,53.67,38.14,66.64,39.45,36.37,19.7,48.56,76.63,60.66
2015-10-19,100.85,109.55,11.29,85.8,109.55,53.67,37.98,66.5,40.02,36.0,19.29,48.49,76.42,60.68
2015-10-20,100.81,108.95,11.38,85.7,109.52,53.66,37.85,66.43,40.03,35.92,19.37,48.44,76.0,60.59
2015-10-21,100.83,108.57,11.27,85.99,109.65,52.89,37.82,66.15,39.86,35.4,19.1,48.48,76.73,60.63
2015-10-22,100.86,109.03,11.27,86.19,109.68,53.32,38.27,67.47,40.22,36.17,19.47,48.48,76.81,60.66
2015-10-23,100.82,109.25,11.25,85.95,109.52,53.8,38.62,68.07,39.75,36.41,19.44,48.5,76.28,60.52
2015-10-26,100.88,109.31,11.24,86.07,109.63,53.53,38.48,67.82,39.75,36.0,18.96,48.51,76.71,60.61
2015-10-27,100.86,109.01,11.27,86.17,109.72,52.9,38.14,67.55,39.82,35.67,18.7,48.51,76.91,60.65
2015-10-28,100.83,108.56,11.18,85.76,109.59,54.21,38.35,68.29,39.79,35.28,19.15,48.43,76.54,60.45
2015-10-29,100.84,108.72,11.06,85.26,109.51,53.79,38.07,68.1,39.79,34.89,19.24,48.41,75.43,60.33
2015-10-30,100.88,108.5,11.02,85.43,109.71,53.64,38.04,67.92,39.37,34.84,19.37,48.42,75.97,60.35
2015-11-02,100.81,108.14,10.95,85.03,109.42,54.7,38.41,68.66,40.21,35.5,19.84,48.41,75.44,60.18
2015-11-03,100.82,108.74,10.78,85.1,109.25,54.94,38.41,68.86,39.75,35.94,20.32,48.45,74.94,60.14
2015-11-04,100.78,108.72,10.68,85.05,109.29,54.78,38.16,68.68,39.58,35.74,20.15,48.36,74.99,60.04
2015-11-05,100.8,108.85,10.65,84.93,109.28,54.89,38.11,68.47,39.72,35.79,19.94,48.34,74.85,60.05
2015-11-06,100.78,108.19,10.5,84.54,108.91,55.16,37.93,68.35,38.52,35.39,19.87,48.24,73.78,59.84
2015-11-09,100.81,107.67,10.53,84.28,108.84,54.53,37.53,67.67,37.86,34.56,19.64,48.28,73.51,59.8
2015-11-10,100.84,107.81,10.5,84.54,108.9,54.64,37.52,67.82,38.28,34.47,19.69,48.27,73.92,59.87
2015-11-11,100.81,107.84,10.48,84.58,108.95,54.21,37.7,67.77,38.37,34.51,19.29,48.28,73.42,60.03
2015-11-12,100.8,108.04,10.47,84.74,109.04,53.12,37.25,66.79,38.15,34.15,18.83,48.24,73.83,59.89
2015-11-13,100.82,107.88,10.45,84.86,109.15,52.69,36.96,66.29,37.7,33.7,18.73,48.24,74.36,59.99
2015-11-16,100.88,107.94,10.46,84.91,109.09,53.21,37.4,67.31,38.06,34.43,19.36,48.21,74.13,60.01
2015-11-17,100.85,108.19,10.33,84.92,109.29,53.07,37.45,67.12,38.12,34.39,19.14,48.24,74.23,60.01
2015-11-18,100.85,108.45,10.32,85.04,109.49,53.92,37.81,67.96,38.46,34.66,19.48,48.22,74.39,59.97
2015-11-19,100.85,108.65,10.45,85.2,109.68,53.72,38.01,68.11,38.65,34.92,19.2,48.3,74.88,60.02
2015-11-20,100.86,108.99,10.4,85.13,109.7,53.97,37.93,68.16,39.09,35.22,18.97,48.36,74.67,59.99
2015-11-23,100.84,108.88,10.31,85.11,109.8,54.2,37.7,68.08,39.14,34.93,19.11,48.32,74.85,60.03
2015-11-24,100.86,108.77,10.39,85.2,109.88,54.6,37.75,68.31,38.92,35.02,19.58,48.39,74.81,60.05
2015-11-25,100.87,108.67,10.33,85.21,109.94,54.94,37.81,68.18,39.12,34.75,19.42,48.35,74.95,60.03
2015-11-27,100.89,108.68,10.22,85.15,109.96,55.1,37.8,68.26,39.47,33.99,19.24,48.37,74.9,60.05
2015-11-30,100.92,108.39,10.28,85.19,110.03,54.86,37.75,68.07,39.14,34.04,19.36,48.33,75.16,60.08
2015-12-01,100.84,108.28,10.31,85.32,109.95,55.22,38.16,68.67,39.69,34.24,19.46,48.4,75.92,60.11
2015-12-02,100.77,107.93,10.15,85.1,110.0,54.63,37.76,67.9,38.88,33.9,18.84,48.35,75.96,60.05
2015-12-03,100.8,107.18,10.26,84.45,109.65,53.74,37.58,67.04,38.27,33.8,18.48,48.31,74.06,59.84
2015-12-04,100.8,107.34,10.5,84.74,109.83,54.26,37.85,68.23,39.06,33.93,18.33,48.29,74.67,59.93
2015-12-07,100.79,107.08,10.35,84.77,109.94,53.43,37.54,67.78,38.94,33.45,17.61,48.27,75.3,60.0
2015-12-08,100.77,106.91,10.37,84.77,110.01,53.15,36.97,67.16,38.95,33.05,17.41,48.25,75.4,60.02
2015-12-09,100.73,107.09,10.35,84.74,110.13,52.61,36.89,66.97,38.71,32.81,17.64,48.24,75.26,60.07
2015-12-10,100.76,106.93,10.35,84.63,110.18,52.76,36.88,67.07,38.4,32.48,17.79,48.17,75.31,59.98
2015-12-11,100.8,105.29,10.39,84.78,110.38,51.71,36.22,65.91,38.41,31.56,17.15,48.26,76.63,60.23
2015-12-14,100.73,105.71,10.27,84.34,110.12,51.3,36.3,66.31,38.59,32.08,17.22,48.15,75.48,60.0
2015-12-15,100.73,106.06,10.24,84.06,110.01,52.01,36.44,67.13,39.05,32.55,17.69,48.16,75.07,59.95
2015-12-16,100.69,106.14,10.37,84.04,110.02,52.72,37.18,68.07,39.77,33.1,17.59,48.09,75.04,59.83
2015-12-17,100.68,106.23,10.15,84.14,110.35,52.13,36.75,67.16,,32.81,17.13,48.13,75.73,59.93
2015-12-18,100.69,105.99,10.29,84.23,110.55,51.38,36.36,66.01,39.13,32.64,16.74,48.19,76.1,60.04
2015-12-21,100.76,105.8,10.4,84.28,110.6,51.48,36.37,65.84,38.92,32.71,16.7,48.1,76.06,60.03
2015-12-22,100.67,105.98,10.35,84.29,110.57,51.97,36.64,66.54,39.04,32.96,16.92,48.14,75.57,59.97
2015-12-23,100.66,106.46,10.32,84.15,110.62,52.71,37.24,67.54,39.46,33.45,17.68,48.14,74.83,59.9
2015-12-24,100.74,105.96,10.39,84.24,110.39,52.82,37.14,67.35,39.48,33.35,17.5,48.16,75.22,59.92
2015-12-28,100.75,105.66,10.32,84.22,110.44,52.53,37.03,67.18,39.71,33.18,17.18,48.2,75.44,59.94
2015-12-29,100.63,105.76,10.3,83.87,110.47,53.03,37.42,67.82,40.12,33.16,17.29,48.14,74.34,59.75
2015-12-30,100.63,105.98,10.23,83.77,110.54,52.57,37.19,67.41,39.96,32.7,17.01,48.2,74.23,59.81
2015-12-31,100.61,105.78,10.23,84.09,110.71,52.08,36.72,66.75,39.64,32.71,17.09,48.35,74.62,60.19
2016-01-04,100.71,105.67,10.38,84.21,110.47,51.09,36.17,65.95,39.12,31.78,17.08,48.26,75.59,59.93
2016-01-05,100.71,105.95,10.4,84.23,110.6,51.11,36.13,66.28,39.89,31.85,17.14,48.23,74.81,59.94
2016-01-06,100.72,105.94,10.57,84.5,111.09,50.36,35.47,65.41,39.73,31.28,16.49,48.23,75.68,60.1
2016-01-07,100.71,105.44,10.72,84.55,111.25,48.98,34.8,64.0,39.03,30.27,16.1,48.27,75.91,60.18
2016-01-08,100.7,105.35,10.66,84.58,111.3,48.25,34.37,63.28,38.44,30.0,15.89,48.33,76.18,60.23
2016-01-11,100.73,105.17,10.57,84.43,111.12,48.03,34.52,63.35,38.68,29.87,15.53,48.25,75.47,60.2
2016-01-12,100.71,104.68,10.52,84.48,111.16,48.15,34.66,63.69,38.42,29.98,15.58,48.28,76.48,60.25
2016-01-13,100.73,104.27,10.57,84.67,111.21,46.68,34.14,62.5,37.95,29.64,15.25,48.25,77.2,60.39
2016-01-14,100.7,104.39,10.39,84.41,111.01,47.24,34.54,63.64,37.81,30.02,15.91,48.28,76.52,60.38
2016-01-15,100.73,103.36,10.51,84.44,111.35,46.46,33.34,62.41,37.6,28.76,15.47,48.24,77.57,60.52
2016-01-19,100.72,103.74,10.5,84.13,111.34,45.9,33.63,62.4,37.84,29.16,15.08,48.23,77.46,60.48
2016-01-20,100.72,103.11,10.64,84.2,111.51,45.9,32.86,61.51,36.71,28.55,14.65,48.24,78.16,60.58
2016-01-21,100.66,103.58,10.65,84.08,111.44,45.87,33.11,61.92,36.95,28.6,15.11,48.22,77.64,60.57
2016-01-22,100.7,104.55,10.59,84.05,111.3,47.0,34.07,63.08,37.92,29.57,15.78,48.29,77.43,60.5
2016-01-25,100.7,104.07,10.71,84.03,111.36,45.96,33.58,62.19,37.66,29.08,15.04,48.3,77.86,60.54
2016-01-26,100.73,104.4,10.83,83.89,111.33,47.0,34.19,63.23,38.46,29.5,15.62,48.29,77.9,60.6
2016-01-27,100.73,104.9,10.86,83.95,111.39,46.4,33.97,62.91,37.7,29.31,15.54,48.38,77.82,60.61
2016-01-28,100.72,105.45,10.75,84.06,111.41,46.39,34.1,63.33,37.33,29.78,16.04,48.4,77.91,60.67
2016-01-29,100.71,105.82,10.78,84.49,111.56,47.92,34.69,64.87,38.07,30.83,16.47,48.49,78.52,60.81
2016-02-01,100.63,104.88,10.91,84.02,111.08,47.77,34.62,64.71,38.1,30.52,16.14,48.38,78.19,60.64
2016-02-02,100.66,104.65,10.91,84.32,111.37,46.7,33.84,63.66,37.69,29.61,15.6,48.43,79.46,60.87
2016-02-03,100.67,105.11,11.03,84.33,111.47,46.9,34.14,64.3,37.96,30.4,16.2,48.43,79.02,60.9
2016-02-04,100.63,105.24,11.17,84.4,111.56,47.22,34.21,64.4,37.97,30.61,16.22,48.46,79.36,60.94
2016-02-05,100.62,105.13,11.33,84.33,111.65,46.06,33.7,63.75,37.24,30.29,15.86,48.4,79.45,60.92
2016-02-08,100.61,104.66,11.5,84.58,111.94,45.12,33.09,63.45,36.19,29.87,15.82,48.32,80.99,61.13
2016-02-09,100.61,104.32,11.46,84.45,111.95,44.76,32.73,63.38,35.51,29.49,15.43,48.25,81.09,61.14
2016-02-10,100.58,104.42,11.54,84.46,111.98,44.81,32.66,63.11,35.74,29.58,15.37,48.28,81.68,61.21
2016-02-11,100.6,104.3,12.03,84.44,112.15,44.24,32.23,62.33,35.15,29.15,15.3,48.35,82.32,61.27
2016-02-12,100.57,104.71,11.94,84.15,111.87,45.11,32.74,63.56,35.55,29.63,15.68,48.34,81.04,61.09
2016-02-16,100.57,105.05,11.57,84.04,111.93,46.14,33.37,64.48,36.17,30.33,15.85,48.24,80.24,61.01
2016-02-17,100.55,105.79,11.64,83.92,111.78,46.96,33.97,65.29,36.53,30.96,16.32,48.27,79.71,60.95
2016-02-18,100.61,106.11,11.95,84.39,111.77,46.77,33.81,65.3,36.86,30.81,16.15,48.34,80.62,61.07
2016-02-19,100.56,106.02,11.86,84.45,111.69,46.91,33.75,65.14,37.1,30.68,16.1,48.32,80.66,61.06
2016-02-22,100.58,106.54,11.65,84.53,111.58,47.54,34.16,65.92,37.51,31.44,16.46,48.39,80.6,61.03
2016-02-23,100.58,106.52,11.84,84.63,111.62,47.12,33.59,65.16,37.4,30.76,15.94,48.41,80.93,61.09
2016-02-24,100.55,106.54,11.86,84.79,111.47,47.55,33.49,65.35,37.32,30.76,16.1,48.5,80.84,61.08
2016-02-25,100.54,106.91,11.92,85.11,111.55,48.02,33.89,66.08,38.04,30.81,16.12,48.57,81.12,61.16
2016-02-26,100.52,107.09,11.81,85.2,111.37,48.38,33.77,65.72,37.87,30.54,16.24,48.54,80.35,61.01
2016-02-29,100.58,107.25,11.99,85.19,111.36,48.23,33.62,65.2,37.69,30.73,16.1,48.55,80.57,61.02
2016-03-01,100.45,108.06,11.88,84.84,110.95,49.22,34.49,66.5,38.83,31.85,16.41,48.57,79.21,60.75
2016-03-02,100.48,107.8,11.97,84.63,110.83,49.8,34.73,67.0,39.18,32.34,16.85,48.58,79.39,60.72
2016-03-03,100.51,107.93,12.17,84.88,110.9,50.38,35.1,67.27,39.33,32.69,17.13,48.63,79.69,60.7
2016-03-04,100.52,108.19,12.17,84.98,110.7,50.66,35.37,67.53,39.37,33.41,17.3,48.6,79.24,60.66
2016-03-07,100.5,108.4,12.23,84.86,110.73,51.23,35.34,67.83,39.46,33.34,17.73,48.58,79.18,60.56
2016-03-08,100.54,107.97,12.17,85.13,110.83,50.02,34.95,67.26,39.09,32.76,16.96,48.6,80.09,60.74
2016-03-09,100.51,108.23,12.08,85.02,110.8,50.25,35.1,67.69,39.26,32.97,17.22,48.65,79.57,60.64
2016-03-10,100.54,108.17,12.27,85.14,110.87,50.0,35.07,67.67,39.1,32.89,17.24,48.54,79.25,60.52
2016-03-11,100.56,108.84,12.06,85.23,110.78,51.03,35.98,68.49,39.98,33.61,17.66,48.56,78.4,60.42
2016-03-14,100.56,108.6,11.89,85.29,110.86,50.86,35.9,68.33,40.0,33.42,17.54,48.54,78.77,60.47
2016-03-15,100.57,107.99,11.91,85.41,110.84,50.18,35.38,67.74,40.06,32.8,17.49,48.49,78.78,60.47
2016-03-16,100.63,109.06,12.16,85.7,110.88,50.63,35.75,68.11,40.5,33.49,17.8,48.75,78.96,60.67
2016-03-17,100.66,109.91,12.13,86.03,111.02,51.34,36.08,68.74,41.1,34.17,18.08,48.81,79.41,60.73
2016-03-18,100.67,110.0,12.1,86.42,111.06,51.77,36.02,68.88,40.91,34.4,17.94,48.91,79.53,60.77
2016-03-21,100.69,110.41,12.01,86.26,111.08,51.46,35.95,68.92,40.3,34.54,17.89,48.9,78.95,60.69
2016-03-22,100.7,110.2,12.05,86.15,111.1,51.43,35.91,68.82,40.3,34.39,17.84,48.85,78.93,60.66
2016-03-23,100.71,109.51,11.76,86.48,111.21,50.52,35.52,68.41,40.02,33.86,17.43,48.85,79.76,60.74
2016-03-24,100.74,109.25,11.75,86.31,111.07,50.64,35.29,68.42,40.01,33.81,17.5,48.83,79.73,60.7
2016-03-28,100.76,109.46,11.78,86.31,111.2,50.71,35.51,68.43,40.39,33.9,17.42,48.81,79.93,60.69
2016-03-29,100.77,110.03,11.98,86.78,111.35,51.89,35.93,68.96,41.29,34.23,17.52,48.98,80.6,60.93
2016-03-30,100.8,110.14,11.83,86.62,111.47,51.97,36.2,69.2,41.17,34.62,17.56,49.05,79.95,60.95
2016-03-31,100.78,110.35,11.88,86.93,111.65,52.04,35.88,69.04,41.4,34.58,17.56,49.13,80.41,61.06
2016-04-01,100.73,110.21,11.81,86.83,111.39,52.28,35.48,69.35,41.39,34.68,17.32,49.05,80.49,61.0
2016-04-04,100.74,110.18,11.72,86.92,111.58,51.8,35.4,69.12,41.32,34.21,17.19,49.02,80.51,61.0
2016-04-05,100.76,109.89,11.88,87.05,111.71,51.21,34.74,68.49,41.06,33.57,17.06,49.04,81.32,61.1
2016-04-06,100.79,110.15,11.81,87.09,111.77,51.82,35.3,69.04,41.16,34.0,17.43,49.02,80.78,61.06
2016-04-07,100.78,109.7,11.98,87.34,112.15,51.17,34.8,68.4,40.88,33.29,17.33,49.04,81.73,61.22
2016-04-08,100.79,110.05,11.96,87.17,112.17,51.43,35.46,68.64,41.12,33.87,17.67,49.09,81.27,61.16
2016-04-11,100.8,110.54,12.12,87.22,112.15,51.31,35.49,68.51,40.99,34.32,17.64,49.02,81.16,61.19
2016-04-12,100.84,110.69,12.13,86.99,112.1,51.84,36.03,69.15,41.32,34.85,18.16,49.01,80.67,61.06
2016-04-13,100.86,111.15,12.0,87.16,112.17,52.86,36.6,69.66,41.09,35.5,18.26,49.03,80.89,61.03
2016-04-14,100.86,111.29,11.83,87.16,112.15,52.79,36.64,69.61,40.81,35.32,18.31,48.93,80.52,61.01
2016-04-15,100.87,111.35,11.91,87.46,112.26,52.92,36.54,69.57,41.14,35.11,18.07,48.98,81.04,61.07
2016-04-18,100.89,111.41,11.87,87.45,112.31,53.25,36.87,70.06,41.3,35.23,18.35,48.96,81.46,61.03
2016-04-19,100.89,111.84,12.06,87.49,112.23,53.4,37.51,70.45,41.33,35.77,18.75,48.98,80.62,61.01
2016-04-20,100.9,111.93,12.0,87.57,112.11,53.5,37.52,70.29,40.63,35.54,18.89,48.99,79.8,60.84
2016-04-21,100.96,111.53,12.05,87.5,112.14,53.15,37.3,69.76,39.94,35.15,18.82,48.94,79.34,60.8
2016-04-22,100.94,111.36,11.91,87.49,112.05,53.65,37.27,69.87,40.37,35.02,19.08,48.95,79.18,60.79
2016-04-25,100.99,110.91,11.93,87.33,112.01,53.28,37.11,69.8,40.73,34.74,18.87,48.93,78.84,60.78
2016-04-26,100.97,111.01,11.99,87.18,112.0,53.79,37.25,69.99,40.85,35.15,19.14,48.93,78.54,60.68
2016-04-27,101.0,111.51,12.02,87.58,112.04,54.11,37.31,70.4,40.76,35.36,19.5,49.0,79.17,60.86
2016-04-28,101.04,111.74,12.23,87.66,112.17,53.43,36.83,69.9,40.66,35.0,19.22,49.06,79.58,60.97
2016-04-29,101.02,111.63,12.48,87.56,112.21,53.04,36.71,69.54,40.22,34.93,19.2,49.04,80.0,60.99
2016-05-02,100.93,111.2,12.45,87.49,111.97,53.48,37.02,69.96,40.91,34.84,19.19,49.03,79.18,60.84
2016-05-03,100.94,110.95,12.42,87.88,112.29,52.66,36.4,69.38,40.97,33.87,18.71,49.09,79.77,60.96
2016-05-04,100.96,110.69,12.36,87.83,112.31,52.29,35.96,69.05,41.57,33.39,18.45,49.1,80.12,61.01
2016-05-05,100.96,110.94,12.34,87.92,112.38,52.15,35.93,69.01,41.69,33.39,18.56,49.1,80.69,61.13
2016-05-06,100.98,111.09,12.44,87.77,112.35,52.4,36.01,69.28,42.13,33.47,18.52,49.05,80.38,61.04
2016-05-09,101.03,110.81,12.17,87.79,112.46,52.49,35.89,69.26,42.56,32.96,18.25,49.1,80.56,61.08
2016-05-10,101.03,111.3,12.22,87.85,112.48,53.02,36.42,70.06,42.6,33.62,18.61,49.14,80.59,61.12
2016-05-11,101.03,111.56,12.33,87.9,112.57,52.44,36.16,69.67,41.6,33.52,18.65,49.16,81.08,61.06
2016-05-12,101.05,111.78,12.23,87.81,112.67,52.21,36.13,69.82,41.81,33.46,18.7,49.14,80.66,61.04
2016-05-13,101.05,111.85,12.28,87.99,112.78,51.82,35.73,69.11,41.4,32.86,18.47,49.14,81.44,61.12
2016-05-16,101.06,111.91,12.3,87.72,112.61,52.4,36.17,69.74,41.82,33.24,18.79,49.13,80.72,61.05
2016-05-17,101.06,111.83,12.34,87.56,112.83,51.72,35.96,69.02,41.03,33.1,18.86,49.14,80.9,60.95
2016-05-18,101.03,110.75,12.11,86.95,112.53,51.82,35.93,68.89,40.45,32.84,18.67,49.01,79.82,60.75
2016-05-19,101.07,110.37,12.09,86.9,112.51,51.49,35.69,68.76,39.98,32.44,18.68,49.0,80.07,60.79
2016-05-20,101.1,110.48,12.06,87.03,112.42,52.23,36.02,69.09,40.31,32.8,18.78,49.03,80.14,60.82
2016-05-23,101.11,110.49,12.05,87.1,112.47,52.18,35.9,68.94,40.31,32.73,18.74,49.0,80.3,60.81
2016-05-24,101.09,110.75,11.84,86.9,112.34,53.1,36.34,69.75,40.77,33.12,18.81,48.98,79.95,60.71
2016-05-25,101.14,111.06,11.81,86.93,112.32,53.48,36.7,70.3,40.76,33.5,19.13,49.02,79.75,60.75
2016-05-26,101.11,111.1,11.76,87.26,112.37,53.44,36.78,70.3,40.86,33.72,19.04,49.06,80.22,60.87
2016-05-27,101.11,111.04,11.68,87.17,112.23,53.88,36.73,70.55,41.02,33.71,19.07,49.03,80.16,60.74
2016-05-31,101.13,110.98,11.72,87.37,112.32,54.06,36.6,70.51,41.04,33.8,19.0,49.01,80.35,60.81
2016-06-01,101.05,110.92,11.69,87.23,112.12,54.36,36.58,70.63,41.01,33.77,19.03,49.0,80.34,60.72
2016-06-02,101.03,111.12,11.66,87.32,112.26,54.75,36.59,70.85,41.22,34.04,18.96,49.03,80.83,60.79
2016-06-03,101.12,112.0,11.98,88.01,112.4,54.47,36.88,70.83,41.25,34.57,18.91,49.2,81.83,61.11
2016-06-06,101.07,112.21,12.0,87.84,112.4,55.02,37.13,71.18,40.91,34.86,19.35,49.24,81.75,61.0
2016-06-07,101.08,112.39,11.99,88.01,112.47,55.26,37.41,71.39,41.09,35.2,19.75,49.31,81.61,61.1
2016-06-08,101.09,112.98,12.18,88.11,112.59,55.59,37.53,71.56,41.37,35.49,19.73,49.35,82.07,61.12
2016-06-09,101.09,112.84,12.25,88.19,112.78,55.27,37.06,71.48,41.46,35.09,19.62,49.34,82.4,61.16
2016-06-10,101.11,112.41,12.3,88.33,112.97,54.46,36.06,71.05,41.26,34.2,19.19,49.36,82.72,61.24
2016-06-13,101.09,112.0,12.39,88.36,113.04,53.82,35.54,70.48,41.3,33.77,19.11,49.36,83.37,61.34
2016-06-14,101.06,111.49,12.4,88.2,113.23,53.64,34.56,70.43,41.2,33.45,19.09,49.33,83.16,61.32
2016-06-15,101.13,111.93,12.49,88.33,113.29,53.76,34.79,70.32,41.63,33.76,19.05,49.41,83.46,61.41
2016-06-16,101.1,111.95,12.36,88.41,113.46,53.64,34.8,70.66,41.86,33.68,18.96,49.37,83.81,61.42
2016-06-17,101.1,111.84,12.52,88.22,113.48,53.6,35.13,70.58,41.83,33.83,19.02,49.36,83.34,61.38
2016-06-20,101.11,112.6,12.45,88.17,113.25,54.07,35.95,70.99,41.68,34.32,19.2,49.32,82.41,61.24
2016-06-21,101.14,112.51,12.21,88.1,113.21,53.97,36.23,70.62,41.81,34.58,19.4,49.27,82.25,61.2
2016-06-22,101.14,113.0,12.2,88.26,113.17,53.79,36.17,70.5,41.74,34.63,19.28,49.24,82.37,61.24
2016-06-23,101.13,113.27,12.12,88.22,112.9,54.79,37.12,71.44,41.98,35.49,19.63,49.3,81.56,61.11
2016-06-24,101.16,112.31,12.72,88.63,113.74,52.73,34.08,69.12,41.52,33.48,18.91,49.4,83.43,61.5
2016-06-27,101.09,112.65,12.8,88.92,114.1,51.05,33.42,68.2,41.59,33.13,18.36,49.36,85.47,61.73
2016-06-28,101.1,113.48,12.66,89.19,114.1,51.99,34.31,69.18,42.49,34.08,18.87,49.4,85.55,61.73
2016-06-29,101.13,114.62,12.7,89.12,113.81,53.1,34.93,70.28,43.01,34.88,19.25,49.45,84.91,61.57
2016-06-30,101.17,115.15,12.76,89.41,113.92,54.03,35.36,71.46,43.44,35.23,19.4,49.48,85.13,61.65
2016-07-01,101.05,115.06,12.97,89.35,113.83,54.25,35.44,71.49,43.48,35.49,19.55,49.6,86.17,61.74
2016-07-05,101.06,115.32,13.08,89.78,114.02,53.49,34.74,71.09,43.93,34.79,19.12,49.58,87.2,61.8
2016-07-06,101.07,115.48,13.16,89.64,114.08,53.86,34.75,71.47,43.74,34.79,19.22,49.61,87.3,61.75
2016-07-07,101.07,115.44,13.11,89.67,115.19,53.98,34.6,71.21,43.31,34.64,19.01,49.57,87.4,61.73
2016-07-08,101.1,116.36,13.18,89.98,113.98,55.04,35.08,72.22,44.06,35.41,19.26,49.59,87.9,61.74
2016-07-11,101.05,116.69,13.07,89.74,113.81,55.53,35.56,72.48,44.33,35.7,19.27,49.51,87.15,61.6
2016-07-12,101.05,116.29,12.85,89.27,113.68,56.21,36.06,72.93,44.37,36.25,19.77,49.5,85.92,61.48
2016-07-13,101.08,116.35,12.96,89.49,113.66,56.01,36.03,73.12,44.57,36.19,19.59,49.5,86.78,61.51
2016-07-14,101.12,116.4,12.86,89.47,113.53,56.05,36.34,73.42,44.22,36.69,19.68,49.49,85.79,61.45
2016-07-15,101.13,116.37,12.82,89.08,113.41,56.15,36.16,73.39,44.22,36.56,19.68,49.44,84.87,61.31
2016-07-18,101.15,116.21,12.84,89.31,113.38,56.24,36.24,73.37,44.3,36.88,19.66,49.47,84.73,61.35
2016-07-19,101.14,116.24,12.85,89.48,113.4,55.99,35.95,73.29,44.54,36.56,19.56,49.46,85.37,61.38
2016-07-20,101.14,116.19,12.67,89.43,113.32,56.35,36.21,73.52,44.54,36.75,19.54,49.43,84.95,61.34
2016-07-21,101.16,116.19,12.86,89.58,113.34,56.11,36.12,73.35,44.64,36.65,19.34,49.41,85.04,61.42
2016-07-22,101.19,116.2,12.76,89.58,113.3,56.51,36.14,73.7,45.03,36.89,19.39,49.39,85.14,61.38
2016-07-25,101.17,115.91,12.68,89.52,113.24,56.35,36.08,73.5,44.99,36.59,19.0,49.35,85.05,61.39
2016-07-26,101.22,115.58,12.73,89.51,113.31,56.68,36.25,73.5,44.76,36.81,19.09,49.33,85.2,61.35
2016-07-27,101.2,116.1,12.94,89.83,113.45,56.66,36.41,73.16,44.36,36.86,18.89,49.35,85.97,61.45
2016-07-28,101.24,115.82,12.89,89.81,113.5,56.7,36.41,73.03,44.7,36.84,18.85,49.36,86.08,61.52
2016-07-29,101.27,116.19,13.02,90.06,113.66,56.85,36.83,73.14,45.29,37.04,19.01,49.44,86.74,61.65
2016-08-01,101.16,115.25,13.05,89.56,113.23,56.8,36.62,72.93,45.46,36.9,18.37,49.3,85.62,61.47
2016-08-02,101.18,114.98,13.16,89.25,113.16,56.04,36.44,72.55,44.71,36.7,18.52,49.29,85.01,61.43
2016-08-03,101.15,115.14,13.1,89.35,113.19,56.47,36.3,72.64,44.49,36.9,18.89,49.35,84.91,61.44
2016-08-04,101.21,115.91,13.12,89.49,113.34,56.51,36.51,72.7,44.3,37.08,18.88,49.43,85.89,61.54
2016-08-05,101.19,115.61,12.89,89.16,113.12,57.19,36.64,73.08,44.41,37.49,19.04,49.34,84.65,61.33
2016-08-08,101.21,116.3,12.88,89.14,113.16,57.16,36.76,73.07,44.51,37.73,19.32,49.35,84.86,61.31
2016-08-09,101.21,116.84,12.93,89.51,113.25,57.18,37.06,73.04,44.74,37.98,19.22,49.4,85.52,61.38
2016-08-10,101.21,117.18,12.99,89.78,113.31,56.88,37.19,72.85,44.66,37.89,18.97,49.39,85.85,61.46
2016-08-11,101.23,117.0,12.9,89.44,113.23,57.08,37.47,73.23,44.1,38.33,19.25,49.34,85.23,61.29
2016-08-12,101.26,117.5,12.86,89.73,113.46,57.08,37.37,73.12,44.29,38.18,19.35,49.37,85.8,61.42
2016-08-15,101.21,117.64,12.91,89.51,113.33,57.59,37.53,73.24,44.3,38.6,19.53,49.37,85.0,61.35
2016-08-16,101.25,117.33,12.98,89.45,113.41,57.13,37.44,72.83,43.77,38.4,19.56,49.31,84.88,61.31
2016-08-17,101.3,117.69,12.98,89.74,113.45,56.97,37.44,73.05,43.91,38.26,19.62,49.37,85.25,61.31
2016-08-18,101.34,117.97,13.04,89.79,113.62,57.38,37.63,73.29,43.88,38.57,19.97,49.43,85.42,61.41
2016-08-19,101.34,117.42,12.93,89.59,113.52,57.34,37.35,73.08,43.53,38.34,19.83,49.42,85.01,61.3
2016-08-22,101.35,117.57,12.91,89.83,113.69,57.42,37.38,73.04,43.74,37.86,19.62,49.42,85.69,61.34
2016-08-23,101.37,117.67,12.9,89.92,113.65,57.76,37.54,73.16,43.75,37.67,19.71,49.43,85.76,61.33
2016-08-24,101.38,117.27,12.77,89.84,113.62,57.32,37.43,72.95,43.54,37.78,19.63,49.43,85.59,61.36
2016-08-25,101.37,117.26,12.75,89.73,113.62,57.47,37.31,72.96,43.8,37.77,19.59,49.41,85.28,61.28
2016-08-26,101.38,117.11,12.73,89.46,113.53,57.3,37.05,72.71,43.38,37.47,19.55,49.3,84.85,61.13
2016-08-29,101.39,117.69,12.76,89.74,113.68,57.65,37.19,73.2,43.83,37.75,19.67,49.35,85.88,61.24
2016-08-30,101.42,117.65,12.64,89.77,113.63,57.68,37.11,73.05,43.76,37.69,19.61,49.32,85.68,61.27
2016-08-31,101.45,117.22,12.6,89.65,113.6,57.43,36.98,72.92,43.77,37.33,19.32,49.24,85.68,61.24
2016-09-01,101.29,116.58,12.65,89.52,113.34,57.44,37.29,72.91,43.71,37.53,19.28,49.27,85.64,61.2
2016-09-02,101.34,116.92,12.78,89.42,113.2,58.0,37.67,73.25,44.06,38.1,19.47,49.28,85.0,61.15
2016-09-06,101.38,117.64,13.01,89.73,113.3,58.08,38.03,73.5,44.31,38.76,19.75,49.36,85.55,61.35
2016-09-07,101.38,117.97,12.96,89.72,113.3,58.37,38.03,73.49,44.57,38.71,19.83,49.41,85.54,61.34
2016-09-08,101.38,117.43,12.88,89.31,113.15,58.18,37.95,73.46,44.01,38.63,20.19,49.4,84.58,61.17
2016-09-09,101.36,116.28,12.81,88.81,112.95,56.46,37.15,71.65,42.34,37.41,19.6,49.3,83.24,61.08
2016-09-12,101.35,116.26,12.78,88.82,112.86,57.14,37.44,72.64,42.84,37.72,19.77,49.35,83.28,61.13
2016-09-13,101.38,114.98,12.7,88.54,112.63,56.07,36.48,71.03,41.73,36.34,19.18,49.29,82.41,61.06
2016-09-14,101.36,115.2,12.74,88.73,112.58,56.02,36.46,70.83,41.9,36.47,18.94,49.31,82.5,61.13
2016-09-15,101.39,115.68,12.67,88.81,112.58,56.61,36.78,71.51,42.02,37.05,19.14,49.37,82.19,61.14
2016-09-16,101.36,115.35,12.64,88.83,112.61,56.46,36.33,71.25,42.04,36.8,18.88,49.41,82.81,61.15
2016-09-19,101.4,115.76,12.65,88.83,112.5,56.64,36.57,71.29,42.16,37.11,18.86,49.4,82.57,61.11
2016-09-20,101.41,115.89,12.67,88.9,112.59,56.42,36.73,71.28,42.15,37.12,18.7,49.39,82.77,61.12
2016-09-21,101.4,117.15,12.85,89.16,112.56,57.19,37.43,72.07,42.66,38.02,19.12,49.43,83.49,61.15
2016-09-22,101.42,117.61,12.89,89.44,112.71,57.98,37.8,72.45,43.44,38.19,19.18,49.51,84.5,61.26
2016-09-23,101.4,117.24,12.9,89.33,112.69,57.57,37.44,72.1,43.58,37.69,18.92,49.54,83.96,61.24
2016-09-26,101.4,116.88,12.88,89.57,112.73,57.09,37.11,71.48,43.69,37.23,18.84,49.57,84.4,61.32
2016-09-27,101.44,117.21,12.8,89.78,112.87,57.24,37.29,71.88,43.2,37.62,18.71,49.54,86.0,61.35
2016-09-28,101.45,117.33,12.76,89.76,112.89,57.74,37.62,72.3,43.55,37.99,19.56,49.62,84.92,61.35
2016-09-29,101.45,116.86,12.73,89.69,112.88,57.01,37.16,71.67,42.94,37.36,19.58,49.64,84.95,61.38
2016-09-30,101.41,117.21,12.69,89.58,112.75,57.55,37.41,72.14,42.65,37.63,19.83,49.65,84.46,61.34
2016-10-03,101.32,116.94,12.66,89.23,112.49,57.36,37.34,71.92,41.82,37.88,19.79,49.61,83.95,61.17
2016-10-04,101.33,116.43,12.24,88.93,112.26,57.1,37.23,71.44,41.25,37.5,19.61,49.56,82.97,61.08
2016-10-05,101.29,116.46,12.22,88.74,112.06,57.46,37.43,71.82,40.45,38.07,19.91,49.55,82.73,61.02
2016-10-06,101.34,116.28,12.09,88.83,111.96,57.4,37.23,71.84,40.51,38.07,19.95,49.56,82.72,60.95
2016-10-07,101.37,116.35,12.1,88.97,111.98,56.97,36.99,71.72,40.45,37.94,19.85,49.58,82.31,60.98
2016-10-10,101.37,116.78,12.14,88.92,111.86,57.55,37.14,71.94,40.66,38.2,20.18,49.58,81.8,60.84
2016-10-11,101.36,115.85,12.09,88.79,111.74,56.56,36.6,71.18,40.29,37.49,19.94,49.56,81.66,60.92
2016-10-12,101.35,115.85,12.1,88.87,111.61,56.55,36.55,71.21,40.72,37.45,19.83,49.57,81.73,60.91
2016-10-13,101.38,116.12,12.13,89.05,111.56,56.16,36.45,71.0,40.97,37.22,19.71,49.6,82.02,60.96
2016-10-14,101.4,115.54,12.06,88.75,111.41,55.97,36.48,71.03,40.81,37.32,19.63,49.62,80.99,60.96
2016-10-17,101.38,115.57,12.09,88.91,111.45,55.86,36.42,70.86,40.9,37.25,19.52,49.68,81.38,60.98
2016-10-18,101.4,115.75,12.16,89.14,111.43,56.18,36.81,71.13,41.14,37.91,19.61,49.69,81.68,61.04
2016-10-19,101.43,115.9,12.24,89.21,111.4,56.41,36.94,71.16,41.23,38.11,19.88,49.72,81.79,61.07
2016-10-20,101.43,116.0,12.19,89.21,111.55,56.25,36.94,70.94,41.14,38.06,19.86,49.68,81.83,61.05
2016-10-21,101.43,116.48,12.21,89.25,111.56,56.17,36.86,70.94,40.94,38.07,19.74,49.7,82.01,61.03
2016-10-24,101.42,116.47,12.18,89.07,111.36,56.48,36.81,71.23,41.04,38.26,19.67,49.63,81.56,61.01
2016-10-25,101.42,116.52,12.27,89.08,111.53,56.03,36.78,71.23,40.94,38.23,19.53,49.62,81.7,60.98
2016-10-26,101.44,115.84,12.21,88.87,111.45,55.62,36.6,71.33,40.45,37.95,19.57,49.64,81.25,60.94
2016-10-27,101.46,114.85,12.23,88.56,111.26,54.99,36.56,71.22,39.43,37.66,19.49,49.61,80.47,60.84
2016-10-28,101.45,114.57,12.29,88.53,111.38,54.88,36.54,71.08,39.55,37.45,19.38,49.64,80.3,60.9
2016-10-31,101.5,114.69,12.32,88.56,111.46,55.11,36.51,71.22,40.25,37.75,19.12,49.66,80.71,60.95
2016-11-01,101.41,114.12,12.39,88.27,111.15,54.51,36.41,70.74,39.38,37.47,19.14,49.68,80.53,60.89
2016-11-02,101.39,114.0,12.48,88.35,111.38,53.83,36.14,70.29,38.85,37.04,18.94,49.64,80.94,60.98
2016-11-03,101.39,114.3,12.55,88.28,111.42,53.59,36.12,70.17,38.61,36.95,19.0,49.62,80.41,60.99
2016-11-04,101.43,114.02,12.56,88.45,111.47,53.81,35.82,69.97,38.89,36.56,18.9,49.64,80.97,61.05
2016-11-07,101.42,114.94,12.34,88.33,111.38,55.05,36.31,71.39,39.5,37.8,19.32,49.64,80.29,60.94
2016-11-08,101.42,115.24,12.29,88.14,111.33,55.24,36.4,71.74,39.71,37.98,19.33,49.59,80.04,60.8
2016-11-09,101.36,113.53,12.28,87.21,110.41,56.68,36.34,72.67,39.14,36.98,19.72,49.55,76.8,60.44
2016-11-10,101.41,109.34,12.1,87.06,109.83,57.36,36.22,72.92,38.64,35.91,19.78,49.56,75.88,60.32
2016-11-11,101.4,108.71,11.83,86.82,109.62,58.39,35.93,72.85,38.88,35.25,19.46,49.52,75.51,60.3
2016-11-14,101.42,108.16,11.73,86.3,108.41,59.21,35.77,73.0,39.82,35.08,19.55,49.34,75.2,60.07
2016-11-15,101.42,110.02,11.83,86.52,108.81,59.48,35.99,73.54,39.41,35.74,20.09,49.36,75.5,60.1
2016-11-16,101.41,109.95,11.79,86.68,108.56,59.39,35.66,73.28,39.28,35.45,19.94,49.38,75.97,60.11
2016-11-17,101.43,109.72,11.74,86.33,108.41,59.73,35.9,73.49,38.89,35.46,19.84,49.38,74.95,60.01
2016-11-18,101.43,109.1,11.63,85.79,108.41,59.91,35.58,73.44,38.93,35.38,19.92,49.33,74.85,59.86
2016-11-21,101.43,109.58,11.68,85.81,108.34,60.24,35.89,73.94,38.79,35.73,20.4,49.35,74.99,59.86
2016-11-22,101.43,110.06,11.67,86.0,108.1,60.79,36.0,74.21,39.4,36.12,20.41,49.39,74.98,59.93
2016-11-23,101.42,109.24,11.43,85.64,107.72,61.15,35.87,74.16,39.28,35.77,20.49,49.29,74.66,59.77
2016-11-25,101.43,109.31,11.37,85.59,107.78,61.34,35.94,74.53,39.46,35.96,20.4,49.33,74.73,59.76
2016-11-28,101.46,109.69,11.5,85.86,107.65,60.65,35.81,74.35,39.71,36.14,20.09,49.29,75.18,59.89
2016-11-29,101.47,109.58,11.44,85.95,107.07,60.63,36.01,74.39,40.05,36.16,19.84,49.35,75.48,59.93
2016-11-30,101.48,109.31,11.29,85.69,106.7,60.43,35.96,74.23,39.7,36.22,20.95,49.37,74.32,59.78
2016-12-01,101.35,108.26,11.27,85.24,106.51,60.19,35.87,74.08,39.13,35.81,21.0,49.4,73.59,59.58
2016-12-02,101.35,108.33,11.32,85.55,106.78,60.26,35.97,74.13,39.5,35.77,21.02,49.41,73.98,59.76
2016-12-05,101.33,108.79,11.26,85.64,106.72,61.17,36.25,74.49,39.81,36.01,21.2,49.43,73.84,59.73
2016-12-06,101.37,109.32,11.26,85.68,107.35,61.77,36.5,74.79,40.1,36.16,21.2,49.46,73.88,59.75
2016-12-07,101.33,109.96,11.29,85.89,108.16,62.35,36.98,75.81,40.87,36.7,21.32,49.47,74.38,59.87
2016-12-08,101.35,109.89,11.27,85.72,108.05,63.22,37.01,75.92,41.12,36.87,21.44,49.5,73.42,59.8
2016-12-09,101.35,109.43,11.16,85.6,107.91,63.28,37.12,76.43,41.04,36.7,21.52,49.44,72.68,59.66
2016-12-12,101.36,109.71,11.19,85.44,107.7,62.6,37.0,76.58,41.29,36.4,21.64,49.48,72.75,59.65
2016-12-13,101.34,110.05,11.16,85.45,107.78,62.64,37.39,77.06,41.3,36.77,21.9,49.45,73.04,59.64
2016-12-14,101.34,109.09,11.0,84.92,107.6,61.81,36.78,76.24,40.45,35.71,21.41,48.91,72.3,59.39
2016-12-15,101.36,108.89,10.86,84.74,107.24,62.19,36.72,76.63,40.24,35.87,21.49,48.79,72.57,59.31
2016-12-16,101.35,109.11,10.91,84.8,107.31,62.11,36.73,76.66,40.88,35.65,21.5,48.8,72.43,59.31
2016-12-19,101.39,109.6,10.97,85.13,107.55,62.1,36.7,76.91,40.75,35.41,21.41,48.88,73.2,59.44
2016-12-20,101.39,109.79,10.89,85.03,107.59,62.57,36.78,77.17,40.84,35.3,21.38,48.92,72.84,59.44
2016-12-21,101.4,110.15,10.9,85.22,107.71,62.25,36.78,76.99,40.22,35.19,21.41,48.94,73.18,59.44
2016-12-22,101.42,109.92,10.86,84.95,107.72,61.73,36.38,76.29,40.14,34.86,21.5,49.0,72.85,59.47
2016-12-23,101.41,110.09,10.9,85.02,107.83,62.03,36.46,76.39,40.2,35.03,21.46,49.02,72.96,59.48
2016-12-27,101.44,109.99,10.97,84.98,107.8,62.29,36.41,76.49,40.28,35.2,21.52,49.01,72.68,59.4
2016-12-28,101.3,110.14,10.99,85.2,108.07,61.62,36.34,75.89,40.04,35.42,21.31,49.1,73.22,59.48
2016-12-29,101.31,110.4,11.14,85.42,108.25,61.73,36.47,75.98,40.49,35.97,21.24,49.1,73.48,59.56
2016-12-30,101.33,110.22,11.08,85.7,108.18,61.48,36.54,75.77,41.04,35.78,21.18,49.16,73.69,59.66
2017-01-03,101.31,110.6,11.16,85.62,108.08,61.9,36.77,76.17,41.14,36.17,21.46,49.16,73.88,59.62
2017-01-04,101.31,111.29,11.21,85.9,108.3,62.92,37.22,76.39,41.73,36.5,21.45,49.18,74.16,59.67
2017-01-05,101.33,112.15,11.38,86.24,108.51,62.31,37.55,76.22,41.81,36.88,21.37,49.24,75.23,59.78
2017-01-06,101.33,112.09,11.3,85.81,108.35,62.16,37.4,76.24,41.86,36.73,21.39,49.16,74.52,59.69
2017-01-09,101.35,111.96,11.38,86.01,108.62,61.73,37.31,75.76,41.47,36.67,21.04,49.19,75.13,59.79
2017-01-10,101.36,111.78,11.44,86.08,108.59,62.26,37.35,75.63,41.04,36.87,20.85,49.16,75.05,59.79
2017-01-11,101.34,111.89,11.46,86.14,108.92,62.37,37.61,75.85,40.73,37.19,21.09,49.23,75.32,59.79
2017-01-12,101.35,112.11,11.51,86.18,109.26,61.97,37.64,75.69,40.9,37.28,21.0,49.26,75.22,59.83
2017-01-13,101.36,112.16,11.55,86.01,109.16,62.38,37.78,75.76,40.81,37.24,20.93,49.23,74.82,59.78
2017-01-17,101.4,112.62,11.71,86.31,109.23,61.69,37.68,75.55,41.14,37.2,21.05,49.3,75.62,59.92
2017-01-18,101.4,111.83,11.6,85.93,108.99,61.93,37.51,75.67,41.24,37.06,21.0,49.2,74.63,59.72
2017-01-19,101.39,111.56,11.59,85.69,108.54,61.44,37.44,75.39,40.81,36.96,20.84,49.21,74.17,59.65
2017-01-20,101.43,111.7,11.62,85.79,108.33,61.74,37.62,75.7,41.12,37.02,20.97,49.27,74.02,59.69
2017-01-23,101.43,112.23,11.7,86.15,108.45,61.58,37.7,75.42,41.41,37.53,20.71,49.27,74.73,59.85
2017-01-24,101.44,111.86,11.65,85.87,108.31,62.43,37.86,75.85,41.39,37.8,20.95,49.29,74.23,59.72
2017-01-25,101.45,111.73,11.56,85.63,108.14,63.02,38.23,76.48,41.11,38.13,21.09,49.26,73.44,59.59
2017-01-26,101.48,111.64,11.44,85.78,108.15,62.83,38.11,76.32,41.02,37.97,21.08,49.26,73.64,59.68
2017-01-27,101.49,111.97,11.46,85.88,108.31,62.56,38.02,76.31,40.59,38.01,20.87,49.31,73.87,59.69
2017-01-30,101.48,111.72,11.52,85.74,108.31,61.8,37.75,75.83,40.33,37.82,20.48,49.32,73.68,59.71
2017-01-31,101.52,112.13,11.67,86.01,108.46,62.11,37.88,75.74,40.66,37.84,20.48,49.39,74.12,59.81
2017-02-01,101.39,111.71,11.64,85.61,108.09,62.05,38.01,75.39,40.14,37.92,20.33,49.39,73.52,59.66
2017-02-02,101.41,112.04,11.7,85.68,108.25,61.94,38.07,75.55,40.59,38.05,20.44,49.4,73.54,59.7
2017-02-03,101.42,112.69,11.74,85.79,108.21,62.79,38.23,76.13,40.82,38.29,20.64,49.4,73.48,59.71
2017-02-06,101.44,112.69,11.9,86.12,108.39,62.34,37.95,75.96,40.75,38.2,20.45,49.45,74.01,59.85
2017-02-07,101.45,112.55,11.87,86.23,108.47,62.07,37.92,75.91,40.53,38.06,20.14,49.39,74.45,59.87
2017-02-08,101.45,112.99,11.94,86.4,108.69,62.1,37.98,75.96,40.9,38.36,20.17,49.37,75.38,59.97
2017-02-09,101.45,112.84,11.86,86.08,108.43,62.84,38.12,76.36,40.99,38.56,20.35,49.34,74.6,59.83
2017-02-10,101.45,113.01,11.89,86.08,108.45,63.29,38.26,76.6,41.29,38.91,20.54,49.35,74.54,59.8
2017-02-13,101.47,113.13,11.81,86.0,108.37,63.43,38.4,77.01,41.3,39.06,20.55,49.3,74.3,59.76
2017-02-14,101.47,113.01,11.82,85.82,108.08,63.68,38.38,77.3,41.11,39.12,20.64,49.24,73.82,59.64
2017-02-15,101.47,112.98,11.87,85.69,107.89,63.96,38.52,77.68,40.93,39.41,20.53,49.3,73.55,59.58
2017-02-16,101.51,112.92,11.93,86.01,108.16,63.82,38.6,77.7,41.21,39.3,20.25,49.34,73.88,59.72
2017-02-17,101.54,112.95,11.89,86.2,108.3,63.82,38.47,77.78,41.32,39.17,20.13,49.37,74.34,59.82
2017-02-21,101.54,113.12,11.9,86.15,108.3,64.31,38.64,78.24,41.87,39.49,20.27,49.38,74.14,59.77
2017-02-22,101.55,113.28,11.91,86.26,108.45,64.02,38.61,78.16,41.71,39.59,19.96,49.42,74.36,59.8
2017-02-23,101.57,113.61,12.03,86.49,108.54,63.62,38.68,78.44,41.94,39.61,20.02,49.42,74.57,59.88
2017-02-24,101.57,113.83,12.09,86.89,108.86,63.61,38.35,78.57,42.08,39.19,19.84,49.51,75.31,60.04
2017-02-27,101.6,113.56,12.04,86.63,108.72,64.15,38.37,78.61,42.33,39.03,20.03,49.44,74.92,59.94
2017-02-28,101.59,113.56,12.04,86.62,108.82,63.32,38.28,78.45,42.06,38.69,19.94,49.41,75.19,59.86
2017-03-01,101.48,113.16,12.04,86.03,108.24,64.34,38.65,79.43,41.93,39.31,20.37,49.3,73.86,59.62
2017-03-02,101.47,112.63,11.89,85.87,108.19,63.61,38.41,79.0,41.74,38.61,20.16,49.26,73.56,59.51
2017-03-03,101.48,113.15,11.88,85.95,108.06,63.61,38.6,79.01,41.55,38.94,20.09,49.37,73.65,59.54
2017-03-06,101.5,113.11,11.8,85.87,108.03,63.19,38.47,78.83,41.38,39.0,20.15,49.35,73.41,59.54
2017-03-07,101.5,113.03,11.71,85.62,108.01,62.75,38.37,78.54,41.18,39.05,19.98,49.32,73.22,59.51
2017-03-08,101.5,112.15,11.63,85.35,107.83,62.36,38.17,78.31,40.54,38.66,19.41,49.21,72.8,59.43
2017-03-09,101.49,111.45,11.57,84.97,107.63,62.11,38.33,78.39,39.84,38.33,19.51,49.18,72.25,59.33
2017-03-10,101.51,111.92,11.59,85.15,107.74,62.33,38.63,78.74,39.66,38.65,19.5,49.21,72.46,59.37
2017-03-13,101.52,111.74,11.59,84.96,107.74,62.49,38.81,78.69,39.71,39.14,19.53,49.12,72.09,59.35
2017-03-14,101.51,111.4,11.54,85.01,107.78,62.18,38.52,78.39,39.7,38.92,19.3,49.13,72.4,59.34
2017-03-15,101.53,112.92,11.74,85.71,108.12,63.09,39.12,79.11,40.55,39.83,19.71,49.32,73.23,59.6
2017-03-16,101.55,112.58,11.81,85.55,108.05,63.2,39.28,78.98,40.48,40.1,19.61,49.31,72.9,59.54
2017-03-17,101.55,113.04,11.82,85.73,108.11,63.35,39.34,78.93,40.65,40.06,19.46,49.33,73.33,59.59
2017-03-20,101.57,113.25,11.88,85.97,108.22,62.84,39.32,78.76,40.45,40.47,19.44,49.36,73.64,59.68
2017-03-21,101.56,113.29,11.98,86.12,108.5,61.31,39.09,77.94,40.3,39.96,19.27,49.41,74.19,59.79
2017-03-22,101.57,113.4,12.02,86.28,108.63,61.26,39.14,77.47,40.25,40.08,19.23,49.42,74.52,59.81
2017-03-23,101.59,113.57,11.99,86.19,108.71,61.57,39.25,77.38,40.56,40.1,19.18,49.42,74.4,59.84
2017-03-24,101.59,113.74,12.01,86.15,108.78,61.67,39.2,77.28,40.53,40.21,19.12,49.38,74.56,59.77
2017-03-27,101.6,113.73,12.08,86.38,108.95,61.69,39.29,77.15,40.12,40.09,19.03,49.44,74.97,59.86
2017-03-28,101.59,113.69,12.04,86.2,108.88,62.16,39.47,77.63,40.28,40.19,19.29,49.4,74.49,59.75
2017-03-29,101.62,114.06,12.07,86.39,109.1,62.45,39.51,77.62,40.42,40.25,19.59,49.48,74.93,59.86
2017-03-30,101.62,113.86,11.97,86.28,108.91,62.85,39.36,77.88,40.56,40.02,19.63,49.41,74.34,59.8
2017-03-31,101.65,113.7,12.01,86.38,108.95,62.98,39.3,77.65,40.78,39.72,19.63,49.47,74.54,59.87
2017-04-03,101.55,113.57,12.07,86.5,108.81,62.37,39.26,77.46,40.87,40.03,19.58,49.56,75.17,59.93
2017-04-04,101.56,113.36,12.09,86.41,108.87,62.31,39.24,77.62,40.86,40.12,19.7,49.53,74.77,59.88
2017-04-05,101.55,113.78,12.1,86.5,108.97,61.69,39.03,77.36,40.93,40.05,19.62,49.58,74.98,59.95
2017-04-06,101.55,113.72,12.05,86.55,109.05,62.3,39.06,77.48,41.15,39.98,19.76,49.55,74.9,59.93
2017-04-07,101.55,113.65,12.08,86.26,109.12,62.26,39.01,77.39,41.15,39.97,19.71,49.48,74.61,59.83
2017-04-10,101.54,113.64,12.08,86.45,109.22,62.46,39.01,77.39,41.48,39.78,19.86,49.5,74.9,59.85
2017-04-11,101.57,113.83,12.24,86.73,109.38,62.82,39.17,77.39,41.75,39.82,19.85,49.53,75.57,60.0
2017-04-12,101.59,114.16,12.34,86.96,109.56,62.09,39.14,77.14,41.68,39.96,19.75,49.56,75.98,60.1
2017-04-13,101.61,114.11,12.4,87.13,109.64,61.42,38.89,76.55,41.57,39.75,19.38,49.6,76.24,60.11
2017-04-17,101.59,114.29,12.35,87.04,109.62,62.12,39.21,77.07,42.07,40.09,19.39,49.51,76.01,60.16
2017-04-18,101.62,114.5,12.41,87.45,109.95,62.14,38.98,76.9,42.17,39.62,19.24,49.53,77.02,60.3
2017-04-19,101.63,114.17,12.31,87.24,109.87,62.33,38.8,76.61,42.11,39.33,18.91,49.47,76.5,60.25
2017-04-20,101.62,114.25,12.33,87.15,109.74,62.99,39.15,77.03,42.1,39.74,19.0,49.49,76.31,60.19
2017-04-21,101.64,114.54,12.37,87.19,109.76,62.79,39.17,76.81,41.95,39.7,18.91,49.5,76.24,60.2
2017-04-24,101.63,114.89,12.29,87.06,109.5,63.58,40.03,77.63,41.46,40.16,19.03,49.49,75.91,60.13
2017-04-25,101.61,114.6,12.16,86.8,109.23,64.14,40.29,78.01,41.66,40.45,19.21,49.45,75.01,60.0
2017-04-26,101.64,114.58,12.22,87.03,109.31,64.33,40.14,77.87,41.26,40.3,19.17,49.45,75.44,60.02
2017-04-27,101.66,114.84,12.18,87.09,109.37,64.26,40.2,77.88,41.11,40.17,18.93,49.44,75.48,60.11
2017-04-28,101.64,115.2,12.21,87.15,109.33,63.49,40.17,77.59,40.68,40.34,18.93,49.46,75.57,60.11
2017-05-01,101.56,114.6,12.09,86.8,108.92,63.77,40.28,77.54,40.98,40.5,18.89,49.45,74.83,60.0
2017-05-02,101.56,115.01,12.1,86.99,109.08,63.56,40.52,77.48,40.92,40.7,18.76,49.43,75.05,60.07
2017-05-03,101.57,114.87,11.92,86.8,109.17,63.18,40.39,77.46,40.37,40.41,18.83,49.37,75.22,59.99
2017-05-04,101.57,114.35,11.81,86.67,109.14,63.04,40.68,77.46,40.35,39.98,18.44,49.28,74.85,59.92
2017-05-05,101.57,114.47,11.82,86.74,109.21,63.52,41.09,77.79,40.62,40.21,18.76,49.32,74.92,59.93
2017-05-08,101.59,114.16,11.8,86.53,109.18,63.27,40.9,77.71,40.34,39.96,18.92,49.28,74.46,59.86
2017-05-09,101.58,114.05,11.73,86.6,109.13,63.16,40.83,77.45,40.14,40.41,18.75,49.24,74.49,59.85
2017-05-10,101.6,114.38,11.74,86.62,109.24,63.53,40.89,77.55,40.49,40.73,19.0,49.29,74.44,59.82
2017-05-11,101.61,114.57,11.77,86.67,109.34,63.17,40.81,77.3,40.29,40.71,18.97,49.36,74.43,59.86
2017-05-12,101.63,114.97,11.81,87.07,109.52,62.82,40.99,77.08,40.04,40.93,18.89,49.33,74.98,60.02
2017-05-15,101.62,115.06,11.85,87.07,109.53,63.27,41.23,77.53,40.17,41.31,19.05,49.32,74.74,59.98
2017-05-16,101.63,115.08,11.89,87.2,109.67,63.25,41.44,77.5,39.88,41.35,18.96,49.33,75.04,60.03
2017-05-17,101.68,115.07,12.12,87.69,110.02,61.69,40.94,76.38,40.06,40.73,18.77,49.41,76.13,60.23
2017-05-18,101.66,114.48,12.02,87.63,110.14,61.88,41.02,76.47,40.32,39.98,18.73,49.38,76.18,60.23
2017-05-19,101.66,114.92,12.08,87.61,110.16,62.27,41.49,76.95,40.58,40.69,19.02,49.42,76.26,60.2
2017-05-22,101.67,114.87,12.12,87.58,110.19,62.69,41.6,77.29,40.66,40.68,18.98,49.41,76.15,60.18
2017-05-23,101.66,114.94,12.05,87.39,110.3,62.83,41.56,77.51,40.72,40.66,18.98,49.39,75.65,60.11
2017-05-24,101.66,115.38,12.1,87.58,110.34,62.84,41.65,77.58,41.02,40.8,18.9,49.41,76.01,60.18
2017-05-25,101.66,115.29,12.09,87.56,110.36,62.88,41.64,77.86,40.99,41.01,18.51,49.38,76.07,60.17
2017-05-26,101.66,115.49,12.19,87.62,110.46,62.83,41.53,77.86,40.68,41.11,18.53,49.44,76.17,60.19
2017-05-30,101.72,115.55,12.14,87.72,110.58,62.37,41.46,77.84,40.41,41.04,18.26,49.48,76.52,60.27
2017-05-31,101.7,115.63,12.2,87.82,110.79,62.34,41.54,77.87,40.44,40.74,18.2,49.45,76.74,60.28
2017-06-01,101.57,115.38,12.21,87.58,110.49,63.44,41.82,78.49,40.62,41.04,18.3,49.47,76.54,60.19
2017-06-02,101.6,116.01,12.29,87.83,110.77,63.8,42.22,78.63,40.95,41.17,18.08,49.49,77.4,60.29
2017-06-05,101.62,115.81,12.31,87.78,110.68,63.4,42.04,78.6,40.89,41.17,18.1,49.45,76.93,60.23
2017-06-06,101.58,116.05,12.45,87.94,110.89,63.33,41.94,78.43,40.65,41.2,18.35,49.53,77.35,60.32
2017-06-07,101.59,115.95,12.39,87.83,110.88,63.27,41.91,78.43,41.0,41.17,18.02,49.43,76.99,60.25
2017-06-08,101.61,115.78,12.3,87.7,110.75,63.94,41.85,78.45,40.93,41.25,17.96,49.4,76.85,60.22
2017-06-09,101.62,115.53,12.2,87.59,110.65,64.27,41.7,78.93,41.21,40.97,18.4,49.42,76.7,60.16
2017-06-12,101.63,115.52,12.17,87.65,110.63,64.23,41.57,79.17,41.64,40.82,18.55,49.37,76.71,60.19
2017-06-13,101.63,115.7,12.19,87.73,110.6,64.64,41.93,79.31,41.71,41.01,18.7,49.36,76.72,60.16
2017-06-14,101.65,115.95,12.12,88.11,110.76,64.3,41.88,79.33,41.78,40.98,18.31,49.26,77.82,60.32
2017-06-15,101.66,115.58,12.07,87.93,110.63,63.92,41.43,79.31,42.05,40.62,18.1,49.17,77.72,60.22
2017-06-16,101.67,115.57,12.07,88.0,110.7,63.78,41.8,79.53,41.93,40.75,18.29,49.22,77.84,60.26
2017-06-19,101.67,115.45,11.98,87.79,110.63,64.09,41.95,79.87,41.67,41.02,18.17,49.15,77.68,60.19
2017-06-20,101.71,114.91,11.95,87.98,110.72,63.43,41.57,79.38,41.57,40.53,17.96,49.15,78.34,60.22
2017-06-21,101.69,114.67,11.98,87.92,110.71,63.18,41.05,79.03,41.49,40.43,17.63,49.17,78.63,60.25
2017-06-22,101.7,114.92,12.03,88.02,110.75,63.42,41.13,79.01,41.52,40.58,17.61,49.23,78.73,60.28
2017-06-23,101.69,115.3,12.08,88.04,110.81,63.85,41.22,78.57,41.68,40.73,17.8,49.23,78.63,60.26
2017-06-26,101.7,115.51,11.96,88.12,110.85,63.99,41.3,78.69,41.89,41.16,17.76,49.28,78.92,60.31
2017-06-27,101.7,114.91,12.02,87.83,110.71,63.44,41.29,78.13,41.58,40.73,17.74,49.25,78.17,60.23
2017-06-28,101.73,115.04,12.03,87.85,110.57,64.33,41.66,78.56,41.65,40.97,17.85,49.31,77.8,60.21
2017-06-29,101.73,114.5,11.96,87.64,110.2,63.91,41.24,78.02,41.29,40.51,17.88,49.27,77.42,60.11
2017-06-30,101.72,114.36,11.94,87.53,110.12,63.91,41.32,78.16,41.21,40.83,17.98,49.23,77.08,60.04
2017-07-03,101.64,113.55,11.73,87.14,109.86,64.37,41.24,78.5,41.83,41.02,18.31,49.23,76.61,59.88
2017-07-05,101.63,113.45,11.79,87.22,109.99,64.17,41.26,78.49,41.2,40.95,17.95,49.24,76.69,59.92
2017-07-06,101.64,112.83,11.77,87.18,109.92,63.34,41.01,77.84,40.41,40.5,17.71,49.19,76.11,59.88
2017-07-07,101.62,112.9,11.65,87.09,109.85,63.93,41.08,78.12,40.59,40.61,17.68,49.17,75.77,59.85
2017-07-10,101.67,113.4,11.67,87.2,109.89,63.71,41.15,78.07,40.18,40.9,17.76,49.17,75.78,59.91
2017-07-11,101.65,113.51,11.69,87.32,109.93,63.86,41.28,77.94,40.12,41.19,17.88,49.2,75.95,59.93
2017-07-12,101.66,114.18,11.73,87.58,110.09,64.36,41.65,78.43,40.57,41.97,17.9,49.23,76.39,60.02
2017-07-13,101.66,114.19,11.71,87.51,110.08,64.46,41.77,78.52,40.64,42.09,18.0,49.22,76.0,59.97
2017-07-14,101.7,114.48,11.81,87.7,110.36,64.62,42.07,78.84,41.03,42.52,18.1,49.24,76.07,60.03
2017-07-17,101.69,114.52,11.86,87.72,110.37,64.77,42.0,78.84,41.39,42.3,18.1,49.25,76.28,60.06
2017-07-18,101.71,114.85,11.95,88.0,110.57,64.59,42.09,78.81,41.33,42.37,18.02,49.3,76.97,60.17
2017-07-19,101.69,114.98,11.93,87.94,110.72,65.25,42.29,79.15,41.6,42.78,18.29,49.32,76.93,60.13
2017-07-20,101.69,115.02,11.95,88.02,110.85,65.25,42.43,79.31,41.39,42.69,18.21,49.3,77.12,60.16
2017-07-21,101.72,115.29,12.06,88.21,110.93,65.02,42.32,79.16,41.36,42.6,18.02,49.3,77.45,60.2
2017-07-24,101.71,115.06,12.08,88.12,110.94,65.14,42.24,78.93,41.28,42.76,17.96,49.29,77.17,60.19
2017-07-25,101.72,114.72,12.03,87.76,110.78,65.69,42.27,79.19,41.35,42.69,18.23,49.26,76.29,60.06
2017-07-26,101.74,115.34,12.12,88.09,110.9,65.38,42.54,79.17,41.64,43.0,18.25,49.33,76.4,60.13
2017-07-27,101.73,115.17,12.11,87.95,110.8,64.98,42.38,79.52,41.72,42.78,18.42,49.35,76.01,60.13
2017-07-28,101.75,115.17,12.21,88.11,110.82,64.8,42.42,79.28,41.6,42.94,18.38,49.36,76.49,60.17
2017-07-31,101.76,115.26,12.22,88.13,110.87,64.64,42.51,79.42,41.56,43.01,18.41,49.36,76.49,60.18
2017-08-01,101.67,114.94,12.21,88.09,110.72,64.78,42.75,79.52,41.78,43.19,18.39,49.4,76.81,60.15
2017-08-02,101.66,,12.17,88.01,110.77,64.17,42.73,79.4,41.4,43.29,18.3,49.36,76.89,60.14
2017-08-03,101.69,115.5,12.2,88.11,111.0,63.93,42.67,79.38,41.27,43.13,18.02,49.37,77.65,60.23
2017-08-04,101.67,115.23,12.11,87.91,110.88,64.22,42.73,79.5,41.44,43.24,18.14,49.4,76.98,60.16
